Workbook

Sheet Dashboard
A1: INNOTRIK — APP + H20 QA DASHBOARD | B1: INNOTRIK — APP + H20 QA DASHBOARD | C1: INNOTRIK — APP + H20 QA DASHBOARD | D1: INNOTRIK — APP + H20 QA DASHBOARD | E1: INNOTRIK — APP + H20 QA DASHBOARD | F1: INNOTRIK — APP + H20 QA DASHBOARD | G1: INNOTRIK — APP + H20 QA DASHBOARD | H1: INNOTRIK — APP + H20 QA DASHBOARD | I1: INNOTRIK — APP + H20 QA DASHBOARD | J1: INNOTRIK — APP + H20 QA DASHBOARD | K1: INNOTRIK — APP + H20 QA DASHBOARD | L1: INNOTRIK — APP + H20 QA DASHBOARD | M1: INNOTRIK — APP + H20 QA DASHBOARD | N1: INNOTRIK — APP + H20 QA DASHBOARD | O1: INNOTRIK — APP + H20 QA DASHBOARD | P1: INNOTRIK — APP + H20 QA DASHBOARD | Q1: INNOTRIK — APP + H20 QA DASHBOARD
A2: INNOTRIK — APP + H20 QA DASHBOARD | B2: INNOTRIK — APP + H20 QA DASHBOARD | C2: INNOTRIK — APP + H20 QA DASHBOARD | D2: INNOTRIK — APP + H20 QA DASHBOARD | E2: INNOTRIK — APP + H20 QA DASHBOARD | F2: INNOTRIK — APP + H20 QA DASHBOARD | G2: INNOTRIK — APP + H20 QA DASHBOARD | H2: INNOTRIK — APP + H20 QA DASHBOARD | I2: INNOTRIK — APP + H20 QA DASHBOARD | J2: INNOTRIK — APP + H20 QA DASHBOARD | K2: INNOTRIK — APP + H20 QA DASHBOARD | L2: INNOTRIK — APP + H20 QA DASHBOARD | M2: INNOTRIK — APP + H20 QA DASHBOARD | N2: INNOTRIK — APP + H20 QA DASHBOARD | O2: INNOTRIK — APP + H20 QA DASHBOARD | P2: INNOTRIK — APP + H20 QA DASHBOARD | Q2: INNOTRIK — APP + H20 QA DASHBOARD
A3: Cập nhật Status trong Test Cases và Execution Log; chỉ số sẽ tự động tính lại. | B3: Cập nhật Status trong Test Cases và Execution Log; chỉ số sẽ tự động tính lại. | C3: Cập nhật Status trong Test Cases và Execution Log; chỉ số sẽ tự động tính lại. | D3: Cập nhật Status trong Test Cases và Execution Log; chỉ số sẽ tự động tính lại. | E3: Cập nhật Status trong Test Cases và Execution Log; chỉ số sẽ tự động tính lại. | F3: Cập nhật Status trong Test Cases và Execution Log; chỉ số sẽ tự động tính lại. | G3: Cập nhật Status trong Test Cases và Execution Log; chỉ số sẽ tự động tính lại. | H3: Cập nhật Status trong Test Cases và Execution Log; chỉ số sẽ tự động tính lại. | I3: Cập nhật Status trong Test Cases và Execution Log; chỉ số sẽ tự động tính lại. | J3: Cập nhật Status trong Test Cases và Execution Log; chỉ số sẽ tự động tính lại. | K3: Cập nhật Status trong Test Cases và Execution Log; chỉ số sẽ tự động tính lại. | L3: Cập nhật Status trong Test Cases và Execution Log; chỉ số sẽ tự động tính lại. | M3: Cập nhật Status trong Test Cases và Execution Log; chỉ số sẽ tự động tính lại. | N3: Cập nhật Status trong Test Cases và Execution Log; chỉ số sẽ tự động tính lại. | O3: Cập nhật Status trong Test Cases và Execution Log; chỉ số sẽ tự động tính lại. | P3: Cập nhật Status trong Test Cases và Execution Log; chỉ số sẽ tự động tính lại. | Q3: Cập nhật Status trong Test Cases và Execution Log; chỉ số sẽ tự động tính lại.
A5: Tổng test case | C5: P0 | E5: P1 | G5: Tổng lượt nói kế hoạch
A6: =COUNTA('Test Cases'!$A$5:$A$250) -> 102 | C6: =COUNTIF('Test Cases'!$K$5:$K$250,"P0") -> 82 | E6: =COUNTIF('Test Cases'!$K$5:$K$250,"P1") -> 16 | G6: =SUM('Voice Matrix'!$N$5:$N$40) -> 3000
A8: Status | B8: Số lượng | D8: Nhóm test | E8: Số test | G8: Kiểm tra sẵn sàng | H8: Giá trị
A9: Not Run | B9: =COUNTIF('Test Cases'!$N$5:$N$250,A9) -> 102 | D9: Cài đặt & Android | E9: =COUNTIF('Test Cases'!$B$5:$B$250,D9) -> 8 | G9: Trẻ pilot | H9: ='Child Plan'!B10 -> 30
A10: Passed | B10: =COUNTIF('Test Cases'!$N$5:$N$250,A10) -> 0 | D10: Main & Bi cô | E10: =COUNTIF('Test Cases'!$B$5:$B$250,D10) -> 13 | G10: Trẻ khuyến nghị | H10: ='Child Plan'!C10 -> 50
A11: Failed | B11: =COUNTIF('Test Cases'!$N$5:$N$250,A11) -> 0 | D11: Điều hướng AI | E11: =COUNTIF('Test Cases'!$B$5:$B$250,D11) -> 12 | G11: Phone thật yêu cầu | H11: =COUNTIF('Device Matrix'!$B$5:$B$20,"Android phone")-1 -> 4
A12: Blocked | B12: =COUNTIF('Test Cases'!$N$5:$N$250,A12) -> 0 | D12: Dịch & Luyện nói | E12: =COUNTIF('Test Cases'!$B$5:$B$250,D12) -> 10 | G12: H20 nghiệm thu | H12: =COUNTIF('Device Matrix'!$B$5:$B$20,"H20 V1") -> 5
A13: N/A | B13: =COUNTIF('Test Cases'!$N$5:$N$250,A13) -> 0 | D13: Chủ đề & Bài học | E13: =COUNTIF('Test Cases'!$B$5:$B$250,D13) -> 17 | G13: Automated Passed | H13: =344 -> 344
D14: Từ vựng & Cài đặt | E14: =COUNTIF('Test Cases'!$B$5:$B$250,D14) -> 7 | G14: Automated Failed | H14: =3 -> 3
A15: Đã thực thi | B15: =SUM(B10:B13) -> 0 | D15: H20 phần cứng | E15: =COUNTIF('Test Cases'!$B$5:$B$250,D15) -> 27
A16: Tỷ lệ thực thi | B16: =IF(A6=0,0,B15/A6) -> 0 | D16: Phi chức năng | E16: =COUNTIF('Test Cases'!$B$5:$B$250,D16) -> 8
A17: Tỷ lệ đạt | B17: =IF(B15=0,0,B10/B15) -> 0

Sheet Test Cases
A1: INNOTRIK — TEST CASE APP + H20 | B1: INNOTRIK — TEST CASE APP + H20 | C1: INNOTRIK — TEST CASE APP + H20 | D1: INNOTRIK — TEST CASE APP + H20 | E1: INNOTRIK — TEST CASE APP + H20 | F1: INNOTRIK — TEST CASE APP + H20 | G1: INNOTRIK — TEST CASE APP + H20 | H1: INNOTRIK — TEST CASE APP + H20
A2: Bộ test thực địa cho Android, trợ lý Bi cô, giọng trẻ em và H20 V1. Tổng 102 test case. | B2: Bộ test thực địa cho Android, trợ lý Bi cô, giọng trẻ em và H20 V1. Tổng 102 test case. | C2: Bộ test thực địa cho Android, trợ lý Bi cô, giọng trẻ em và H20 V1. Tổng 102 test case. | D2: Bộ test thực địa cho Android, trợ lý Bi cô, giọng trẻ em và H20 V1. Tổng 102 test case. | E2: Bộ test thực địa cho Android, trợ lý Bi cô, giọng trẻ em và H20 V1. Tổng 102 test case. | F2: Bộ test thực địa cho Android, trợ lý Bi cô, giọng trẻ em và H20 V1. Tổng 102 test case. | G2: Bộ test thực địa cho Android, trợ lý Bi cô, giọng trẻ em và H20 V1. Tổng 102 test case. | H2: Bộ test thực địa cho Android, trợ lý Bi cô, giọng trẻ em và H20 V1. Tổng 102 test case.
A4: TC_ID | B4: Nhóm | C4: Tính năng | D4: Kịch bản | E4: Điều kiện trước | F4: Các bước | G4: Dữ liệu/Môi trường | H4: Số lần | I4: Kết quả mong đợi | J4: Chỉ số đạt | K4: Priority | L4: Loại test | M4: Phụ trách | N4: Status | O4: Kết quả thực tế | P4: Evidence | Q4: Bug ID | R4: Ghi chú
A5: TC-001 | B5: Cài đặt & Android | C5: Cài mới | D5: Cài APK trên Android 7/API 24 | E5: Máy sạch, chưa có ứng dụng | F5: 1. Cài APK 2. Mở app 3. Cấp quyền | G5: Android 7/API 24 | H5: 3 | I5: Cài và mở thành công; không crash; giao diện dùng được. | J5: 3/3 lần đạt | K5: P0 | L5: Compatibility | M5: QA | N5: Not Run
A6: TC-002 | B6: Cài đặt & Android | C6: Nâng cấp | D6: Nâng từ build trước và giữ dữ liệu học | E6: Có tiến độ, Ngôi sao, Luyện lại và lịch sử | F6: 1. Cài đè build mới 2. Mở lại 3. Đối chiếu dữ liệu | G6: Build cũ → 1.0.4+8 | H6: 3 | I6: Không mất hoặc nhân đôi dữ liệu người học. | J6: 100% dữ liệu giữ đúng | K6: P0 | L6: Regression | M6: QA | N6: Not Run
A7: TC-003 | B7: Cài đặt & Android | C7: Quyền micro | D7: Cho phép quyền micro | E7: Cài mới | F7: Mở app; chọn Cho phép; bắt đầu một lượt nói | G7: RECORD_AUDIO=Allow | H7: 3 | I7: Micro khởi tạo và thu được giọng nói. | J7: 3/3 lần đạt | K7: P0 | L7: Permission | M7: QA | N7: Not Run
A8: TC-004 | B8: Cài đặt & Android | C8: Quyền micro | D8: Từ chối quyền micro | E8: Cài mới | F8: Từ chối quyền; nhấn Main; mở bài cần ghi âm | G8: RECORD_AUDIO=Deny | H8: 3 | I8: Không crash; hướng dẫn cấp quyền; không hiển thị đang ghi giả. | J8: 0 crash | K8: P0 | L8: Negative | M8: QA | N8: Not Run
A9: TC-005 | B9: Cài đặt & Android | C9: Bluetooth | D9: Từ chối Nearby devices trên Android 12+ | E9: Android 12+; H20 bật | F9: Từ chối BLUETOOTH_SCAN/CONNECT; mở chẩn đoán H20 | G9: Permission=Deny | H9: 3 | I9: App giải thích đúng; phần học bằng mic điện thoại vẫn dùng được. | J9: 0 crash | K9: P0 | L9: Permission | M9: QA | N9: Not Run
A10: TC-006 | B10: Cài đặt & Android | C10: Lifecycle | D10: Đưa app xuống nền khi đang nghe | E10: APK release candidate đã cài; quyền cần thiết được cấp; backend production khả dụng trừ khi test yêu cầu khác. | F10: Mở micro; bấm Home; chờ 15 giây; quay lại | G10: Foreground → background | H10: 10 | I10: Dừng/giải phóng micro; quay lại không có phiên ma. | J10: 0 phiên micro ma | K10: P0 | L10: Recovery | M10: QA | N10: Not Run
A11: TC-007 | B11: Cài đặt & Android | C11: Lifecycle | D11: Tắt màn hình khi đang nghe | E11: APK release candidate đã cài; quyền cần thiết được cấp; backend production khả dụng trừ khi test yêu cầu khác. | F11: Mở micro; khóa màn hình; nói; mở lại | G11: Screen off 15 giây | H11: 10 | I11: Không tiếp tục nghe khi màn hình tắt; khôi phục an toàn. | J11: 10/10 lần đạt | K11: P0 | L11: Recovery | M11: QA | N11: Not Run
A12: TC-008 | B12: Cài đặt & Android | C12: Cập nhật | D12: Build thấp hơn minimum version | E12: Backend trả chính sách bắt buộc cập nhật | F12: Mở app bằng build cũ | G12: Update gate | H12: 3 | I12: Hiện màn hình chặn cập nhật; không vào luồng học lỗi thời. | J12: 3/3 lần đạt | K12: P1 | L12: Functional | M12: QA | N12: Not Run
A13: TC-009 | B13: Main & Bi cô | C13: Hiển thị | D13: Main cố định trên các màn hình chính | E13: APK release candidate đã cài; quyền cần thiết được cấp; backend production khả dụng trừ khi test yêu cầu khác. | F13: Mở Giao tiếp, Từ vựng, Chủ đề, danh sách bài, bài học | G13: 5 màn hình | H13: 3 | I13: Main nhìn thấy, không che thao tác quan trọng. | J13: 0 màn hình bị che | K13: P1 | L13: Usability | M13: QA | N13: Not Run
A14: TC-010 | B14: Main & Bi cô | C14: Nhấn ngắn | D14: Mở menu trợ lý từ trạng thái rảnh | E14: APK release candidate đã cài; quyền cần thiết được cấp; backend production khả dụng trừ khi test yêu cầu khác. | F14: Nhấn Main; nghe hết lời nhắc; chờ tiếng tít | G14: Tap Main | H14: 10 | I14: Chỉ một lời nhắc; tiếng tít phát sau lời nói; micro mở sau tít. | J14: 10/10; 0 chồng âm | K14: P0 | L14: Functional | M14: QA | N14: Not Run
A15: TC-011 | B15: Main & Bi cô | C15: Chống chồng | D15: Nhấn Main hai lần trong 300 ms | E15: APK release candidate đã cài; quyền cần thiết được cấp; backend production khả dụng trừ khi test yêu cầu khác. | F15: Double tap Main; quan sát TTS, micro và overlay | G15: Double tap | H15: 30 | I15: Chỉ một phiên trợ lý và một phiên micro. | J15: 0/30 phiên trùng | K15: P0 | L15: Concurrency | M15: QA | N15: Not Run
A16: TC-012 | B16: Main & Bi cô | C16: Chống chồng | D16: Nhấn Main khi Bi cô đang nói | E16: APK release candidate đã cài; quyền cần thiết được cấp; backend production khả dụng trừ khi test yêu cầu khác. | F16: Nhấn Main; trong lúc TTS đang phát nhấn lại | G16: Tap during TTS | H16: 30 | I16: Không mở ASR trước khi TTS/beep kết thúc; không tự nghe tiếng loa. | J16: 0/30 self-capture | K16: P0 | L16: Concurrency | M16: QA | N16: Not Run
... A106: TC-102 | B106: Phi chức năng | C106: Ký ứng dụng | D106: Xác nhận release signing | E106: Có APK candidate | F106: Kiểm tra certificate và khả năng upgrade | G106: Release cert | H106: 1 | I106: Dùng production keystore trước phát hành; không ký debug. | J106: Production cert | K106: P0 | L106: Release readiness | M106: QA | N106: Not Run

Sheet Voice Matrix
A1: VOICE FIELD MATRIX | B1: VOICE FIELD MATRIX | C1: VOICE FIELD MATRIX | D1: VOICE FIELD MATRIX | E1: VOICE FIELD MATRIX | F1: VOICE FIELD MATRIX | G1: VOICE FIELD MATRIX | H1: VOICE FIELD MATRIX
A2: Ma trận cân bằng điều kiện; không chạy full-factorial để tránh gây mệt cho trẻ. | B2: Ma trận cân bằng điều kiện; không chạy full-factorial để tránh gây mệt cho trẻ. | C2: Ma trận cân bằng điều kiện; không chạy full-factorial để tránh gây mệt cho trẻ. | D2: Ma trận cân bằng điều kiện; không chạy full-factorial để tránh gây mệt cho trẻ. | E2: Ma trận cân bằng điều kiện; không chạy full-factorial để tránh gây mệt cho trẻ. | F2: Ma trận cân bằng điều kiện; không chạy full-factorial để tránh gây mệt cho trẻ. | G2: Ma trận cân bằng điều kiện; không chạy full-factorial để tránh gây mệt cho trẻ. | H2: Ma trận cân bằng điều kiện; không chạy full-factorial để tránh gây mệt cho trẻ.
A4: Matrix ID | B4: Nhóm tuổi | C4: Điều kiện | D4: Khoảng cách (m) | E4: Góc | F4: Noise dBA | G4: Tốc độ | H4: Âm lượng | I4: Mạng | J4: Số trẻ | K4: Câu/trẻ | L4: Lặp/câu | M4: Số buổi | N4: Tổng lượt nói
A5: VM-01 | B5: 3–5 | C5: Baseline | D5: 0.5 | E5: 0° | F5: 35–40 | G5: Tự nhiên | H5: Bình thường | I5: Wi-Fi tốt | J5: 10 | K5: 10 | L5: 2 | M5: 2 | N5: =J5*K5*L5*M5 -> 400
A6: VM-02 | B6: 6–7 | C6: Baseline | D6: 0.5 | E6: 0° | F6: 35–40 | G6: Tự nhiên | H6: Bình thường | I6: Wi-Fi tốt | J6: 10 | K6: 10 | L6: 2 | M6: 2 | N6: =J6*K6*L6*M6 -> 400
A7: VM-03 | B7: 8–10 | C7: Baseline | D7: 0.5 | E7: 0° | F7: 35–40 | G7: Tự nhiên | H7: Bình thường | I7: Wi-Fi tốt | J7: 10 | K7: 10 | L7: 2 | M7: 2 | N7: =J7*K7*L7*M7 -> 400
A8: VM-04 | B8: 11–12 | C8: Baseline | D8: 0.5 | E8: 0° | F8: 35–40 | G8: Tự nhiên | H8: Bình thường | I8: Wi-Fi tốt | J8: 10 | K8: 10 | L8: 2 | M8: 2 | N8: =J8*K8*L8*M8 -> 400
A9: VM-05 | B9: 13–15 | C9: Baseline | D9: 0.5 | E9: 0° | F9: 35–40 | G9: Tự nhiên | H9: Bình thường | I9: Wi-Fi tốt | J9: 10 | K9: 10 | L9: 2 | M9: 2 | N9: =J9*K9*L9*M9 -> 400
A10: VM-06 | B10: Tất cả | C10: Gần | D10: 0.3 | E10: 0° | F10: 35–40 | G10: Bình thường | H10: Nhỏ | I10: Wi-Fi tốt | J10: 10 | K10: 4 | L10: 1 | M10: 1 | N10: =J10*K10*L10*M10 -> 40
A11: VM-07 | B11: Tất cả | C11: Khoảng cách chuẩn | D11: 1 | E11: 0° | F11: 50–55 | G11: Bình thường | H11: Bình thường | I11: Wi-Fi tốt | J11: 15 | K11: 4 | L11: 2 | M11: 1 | N11: =J11*K11*L11*M11 -> 120
A12: VM-08 | B12: Tất cả | C12: Xa | D12: 2 | E12: 0° | F12: 50–55 | G12: Bình thường | H12: Bình thường | I12: Wi-Fi tốt | J12: 15 | K12: 4 | L12: 2 | M12: 1 | N12: =J12*K12*L12*M12 -> 120
A13: VM-09 | B13: Tất cả | C13: Stress khoảng cách | D13: 3 | E13: 0° | F13: 35–40 | G13: Bình thường | H13: Bình thường | I13: Wi-Fi tốt | J13: 10 | K13: 4 | L13: 1 | M13: 1 | N13: =J13*K13*L13*M13 -> 40
A14: VM-10 | B14: Tất cả | C14: Nói chậm | D14: 0.5 | E14: 0° | F14: 35–40 | G14: 60–80 wpm | H14: Bình thường | I14: Wi-Fi tốt | J14: 15 | K14: 4 | L14: 2 | M14: 1 | N14: =J14*K14*L14*M14 -> 120
A15: VM-11 | B15: Tất cả | C15: Nói nhanh | D15: 0.5 | E15: 0° | F15: 35–40 | G15: 130–160 wpm | H15: Bình thường | I15: Wi-Fi tốt | J15: 15 | K15: 4 | L15: 2 | M15: 1 | N15: =J15*K15*L15*M15 -> 120
A16: VM-12 | B16: Tất cả | C16: Nói ngắt quãng | D16: 0.5 | E16: 0° | F16: 35–40 | G16: Dừng 0,5–1s | H16: Bình thường | I16: Wi-Fi tốt | J16: 10 | K16: 4 | L16: 1 | M16: 1 | N16: =J16*K16*L16*M16 -> 40
... A24: VM-20 | B24: Tất cả | C24: Bluetooth qua tường | D24: 1 | E24: 0° | F24: 50–55 | G24: Bình thường | H24: Bình thường | I24: Wi-Fi tốt | J24: 10 | K24: 2 | L24: 1 | M24: 1 | N24: =J24*K24*L24*M24 -> 20

Sheet Child Plan
A1: CHILD PARTICIPANT PLAN | B1: CHILD PARTICIPANT PLAN | C1: CHILD PARTICIPANT PLAN | D1: CHILD PARTICIPANT PLAN | E1: CHILD PARTICIPANT PLAN | F1: CHILD PARTICIPANT PLAN | G1: CHILD PARTICIPANT PLAN | H1: CHILD PARTICIPANT PLAN
A2: Khuyến nghị 50 trẻ; pilot tối thiểu 30 trẻ. Mỗi trẻ tham gia 2 buổi để kiểm tra khả năng lặp lại. | B2: Khuyến nghị 50 trẻ; pilot tối thiểu 30 trẻ. Mỗi trẻ tham gia 2 buổi để kiểm tra khả năng lặp lại. | C2: Khuyến nghị 50 trẻ; pilot tối thiểu 30 trẻ. Mỗi trẻ tham gia 2 buổi để kiểm tra khả năng lặp lại. | D2: Khuyến nghị 50 trẻ; pilot tối thiểu 30 trẻ. Mỗi trẻ tham gia 2 buổi để kiểm tra khả năng lặp lại. | E2: Khuyến nghị 50 trẻ; pilot tối thiểu 30 trẻ. Mỗi trẻ tham gia 2 buổi để kiểm tra khả năng lặp lại. | F2: Khuyến nghị 50 trẻ; pilot tối thiểu 30 trẻ. Mỗi trẻ tham gia 2 buổi để kiểm tra khả năng lặp lại. | G2: Khuyến nghị 50 trẻ; pilot tối thiểu 30 trẻ. Mỗi trẻ tham gia 2 buổi để kiểm tra khả năng lặp lại. | H2: Khuyến nghị 50 trẻ; pilot tối thiểu 30 trẻ. Mỗi trẻ tham gia 2 buổi để kiểm tra khả năng lặp lại.
A4: Nhóm tuổi | B4: Pilot tối thiểu | C4: Khuyến nghị | D4: Số buổi/trẻ | E4: Câu/buổi | F4: Tổng pilot | G4: Tổng khuyến nghị | H4: Yêu cầu mẫu
A5: 3–5 | B5: 6 | C5: 10 | D5: 2 | E5: 30 | F5: =B5*D5*E5 -> 360 | G5: =C5*D5*E5 -> 600 | H5: Giọng Bắc/Trung/Nam; cân bằng nam/nữ; có đồng ý phụ huynh; không ghi tên thật cùng audio.
A6: 6–7 | B6: 6 | C6: 10 | D6: 2 | E6: 30 | F6: =B6*D6*E6 -> 360 | G6: =C6*D6*E6 -> 600 | H6: Giọng Bắc/Trung/Nam; cân bằng nam/nữ; có đồng ý phụ huynh; không ghi tên thật cùng audio.
A7: 8–10 | B7: 6 | C7: 10 | D7: 2 | E7: 30 | F7: =B7*D7*E7 -> 360 | G7: =C7*D7*E7 -> 600 | H7: Giọng Bắc/Trung/Nam; cân bằng nam/nữ; có đồng ý phụ huynh; không ghi tên thật cùng audio.
A8: 11–12 | B8: 6 | C8: 10 | D8: 2 | E8: 30 | F8: =B8*D8*E8 -> 360 | G8: =C8*D8*E8 -> 600 | H8: Giọng Bắc/Trung/Nam; cân bằng nam/nữ; có đồng ý phụ huynh; không ghi tên thật cùng audio.
A9: 13–15 | B9: 6 | C9: 10 | D9: 2 | E9: 30 | F9: =B9*D9*E9 -> 360 | G9: =C9*D9*E9 -> 600 | H9: Giọng Bắc/Trung/Nam; cân bằng nam/nữ; có đồng ý phụ huynh; không ghi tên thật cùng audio.
A10: TỔNG | B10: =SUM(B5:B9) -> 30 | C10: =SUM(C5:C9) -> 50 | F10: =SUM(F5:F9) -> 1800 | G10: =SUM(G5:G9) -> 3000

Sheet Device Matrix
A1: DEVICE & H20 MATRIX | B1: DEVICE & H20 MATRIX | C1: DEVICE & H20 MATRIX | D1: DEVICE & H20 MATRIX | E1: DEVICE & H20 MATRIX | F1: DEVICE & H20 MATRIX | G1: DEVICE & H20 MATRIX | H1: DEVICE & H20 MATRIX
A2: Điện thoại thật là bắt buộc cho BLE/HFP. Emulator chỉ dùng cho UI và logic, không dùng nghiệm thu H20. | B2: Điện thoại thật là bắt buộc cho BLE/HFP. Emulator chỉ dùng cho UI và logic, không dùng nghiệm thu H20. | C2: Điện thoại thật là bắt buộc cho BLE/HFP. Emulator chỉ dùng cho UI và logic, không dùng nghiệm thu H20. | D2: Điện thoại thật là bắt buộc cho BLE/HFP. Emulator chỉ dùng cho UI và logic, không dùng nghiệm thu H20. | E2: Điện thoại thật là bắt buộc cho BLE/HFP. Emulator chỉ dùng cho UI và logic, không dùng nghiệm thu H20. | F2: Điện thoại thật là bắt buộc cho BLE/HFP. Emulator chỉ dùng cho UI và logic, không dùng nghiệm thu H20. | G2: Điện thoại thật là bắt buộc cho BLE/HFP. Emulator chỉ dùng cho UI và logic, không dùng nghiệm thu H20. | H2: Điện thoại thật là bắt buộc cho BLE/HFP. Emulator chỉ dùng cho UI và logic, không dùng nghiệm thu H20.
A4: ID | B4: Loại | C4: Hệ điều hành/Firmware | D4: Mẫu đề xuất | E4: Mục tiêu | F4: Số lượng | G4: Trạng thái | H4: Ghi chú
A5: DEV-01 | B5: Android phone | C5: Android 7 / API 24 | D5: Máy cấu hình thấp | E5: minSdk, permission cũ | F5: 1 | G5: Planned | H5: Thiết bị thật
A6: DEV-02 | B6: Android phone | C6: Android 10/11 | D6: Samsung | E6: HFP/BLE trước Android 12 | F6: 1 | G6: Planned | H6: Thiết bị thật
A7: DEV-03 | B7: Android phone | C7: Android 12/13 | D7: Xiaomi/Oppo | E7: Nearby devices permission | F7: 1 | G7: Planned | H7: Thiết bị thật
A8: DEV-04 | B8: Android phone | C8: Android 14 | D8: Pixel/Samsung | E8: Audio route và quyền mới | F8: 1 | G8: Planned | H8: Thiết bị thật
A9: DEV-05 | B9: Android phone | C9: Android 16 / API 36 | D9: Pixel/Emulator | E9: Latest OS; emulator không nghiệm thu H20 | F9: 1 | G9: Available: emulator | H9: Hiện chỉ có emulator-5554
A10: H20-01 | B10: H20 V1 | C10: Ghi khi nhận mẫu | D10: Unit 1 | E10: Baseline | F10: 1 | G10: Required | H10: Khác ID
A11: H20-02 | B11: H20 V1 | C11: Ghi khi nhận mẫu | D11: Unit 2 | E11: Reconnect/so sánh | F11: 1 | G11: Required | H11: Khác ID
A12: H20-03 | B12: H20 V1 | C12: Ghi khi nhận mẫu | D12: Unit 3 | E12: Độ ổn định lô | F12: 1 | G12: Recommended
A13: H20-04 | B13: H20 V1 | C13: Ghi khi nhận mẫu | D13: Unit 4 | E13: Độ ổn định lô | F13: 1 | G13: Recommended
A14: H20-05 | B14: H20 V1 | C14: Ghi khi nhận mẫu | D14: Unit 5 | E14: Độ ổn định lô | F14: 1 | G14: Recommended

Sheet Execution Log
A1: FIELD EXECUTION LOG | B1: FIELD EXECUTION LOG | C1: FIELD EXECUTION LOG | D1: FIELD EXECUTION LOG | E1: FIELD EXECUTION LOG | F1: FIELD EXECUTION LOG | G1: FIELD EXECUTION LOG | H1: FIELD EXECUTION LOG
A2: Mỗi dòng là một lần chạy. Không ghi tên thật của trẻ; chỉ dùng Participant ID đã được đồng ý. | B2: Mỗi dòng là một lần chạy. Không ghi tên thật của trẻ; chỉ dùng Participant ID đã được đồng ý. | C2: Mỗi dòng là một lần chạy. Không ghi tên thật của trẻ; chỉ dùng Participant ID đã được đồng ý. | D2: Mỗi dòng là một lần chạy. Không ghi tên thật của trẻ; chỉ dùng Participant ID đã được đồng ý. | E2: Mỗi dòng là một lần chạy. Không ghi tên thật của trẻ; chỉ dùng Participant ID đã được đồng ý. | F2: Mỗi dòng là một lần chạy. Không ghi tên thật của trẻ; chỉ dùng Participant ID đã được đồng ý. | G2: Mỗi dòng là một lần chạy. Không ghi tên thật của trẻ; chỉ dùng Participant ID đã được đồng ý. | H2: Mỗi dòng là một lần chạy. Không ghi tên thật của trẻ; chỉ dùng Participant ID đã được đồng ý.
A4: Run ID | B4: Ngày | C4: TC_ID | D4: Matrix ID | E4: Device ID | F4: H20 ID | G4: Participant ID | H4: Tuổi | I4: Khoảng cách | J4: Noise dBA | K4: Tốc độ | L4: Câu đã nói | M4: Transcript | N4: Kết quả | O4: Latency ms | P4: Evidence | Q4: Bug ID | R4: Tester
A5: RUN-0001 | N5: Not Run
A6: RUN-0002 | N6: Not Run
A7: RUN-0003 | N7: Not Run
A8: RUN-0004 | N8: Not Run
A9: RUN-0005 | N9: Not Run
A10: RUN-0006 | N10: Not Run
A11: RUN-0007 | N11: Not Run
A12: RUN-0008 | N12: Not Run
A13: RUN-0009 | N13: Not Run
A14: RUN-0010 | N14: Not Run
A15: RUN-0011 | N15: Not Run
A16: RUN-0012 | N16: Not Run
... A104: RUN-0100 | N104: Not Run

Sheet Acceptance
A1: ACCEPTANCE CRITERIA | B1: ACCEPTANCE CRITERIA | C1: ACCEPTANCE CRITERIA | D1: ACCEPTANCE CRITERIA | E1: ACCEPTANCE CRITERIA | F1: ACCEPTANCE CRITERIA | G1: ACCEPTANCE CRITERIA | H1: ACCEPTANCE CRITERIA
A2: Ngưỡng đề xuất cho RC; Product Owner và ODM cần ký xác nhận trước nghiệm thu chính thức. | B2: Ngưỡng đề xuất cho RC; Product Owner và ODM cần ký xác nhận trước nghiệm thu chính thức. | C2: Ngưỡng đề xuất cho RC; Product Owner và ODM cần ký xác nhận trước nghiệm thu chính thức. | D2: Ngưỡng đề xuất cho RC; Product Owner và ODM cần ký xác nhận trước nghiệm thu chính thức. | E2: Ngưỡng đề xuất cho RC; Product Owner và ODM cần ký xác nhận trước nghiệm thu chính thức. | F2: Ngưỡng đề xuất cho RC; Product Owner và ODM cần ký xác nhận trước nghiệm thu chính thức. | G2: Ngưỡng đề xuất cho RC; Product Owner và ODM cần ký xác nhận trước nghiệm thu chính thức. | H2: Ngưỡng đề xuất cho RC; Product Owner và ODM cần ký xác nhận trước nghiệm thu chính thức.
A4: AC_ID | B4: Nhóm | C4: Chỉ số | D4: Mục tiêu | E4: Cách đo | F4: Mẫu tối thiểu | G4: Mức chặn | H4: Ghi chú
A5: AC-01 | B5: MAIN | C5: Tỷ lệ short press thành công | D5: ≥99% | E5: Log sequence/event/action | F5: 100 | G5: Release blocker | H5: Không action đôi
A6: AC-02 | B6: Audio concurrency | C6: TTS–micro chồng chéo | D6: 0 lỗi | E6: Video/log state | F6: 100 | G6: Release blocker | H6: Không tự nghe tiếng Bi cô
A7: AC-03 | B7: ASR baseline | C7: 0,5–1 m; 35–40 dBA | D7: ≥95% | E7: Intent/meaning correct | F7: 500 | G7: Release blocker | H7: Theo 5 nhóm tuổi
A8: AC-04 | B8: ASR lớp học | C8: 65–70 dBA | D8: ≥90% | E8: Intent/meaning correct | F8: 200 | G8: High | H8: Không false activation
A9: AC-05 | B9: ASR tốc độ | C9: Chậm và nhanh | D9: ≥90% | E9: Intent/meaning correct | F9: 200 | G9: High | H9: Không cắt đầu/cuối
A10: AC-06 | B10: ASR khoảng cách | C10: 2 m | D10: ≥85% | E10: Intent/meaning correct | F10: 120 | G10: Medium | H10: 3 m là stress/quan sát
A11: AC-07 | B11: Reconnect | C11: BLE/HFP reconnect ≤10s | D11: ≥95% | E11: 30 vòng/H20 | F11: 30 | G11: Release blocker | H11: Subscribe Indicate lại
A12: AC-08 | B12: Beep timing | C12: Prompt end → beep | D12: ≤300 ms P95 | E12: Video 60fps/timestamp | F12: 30 | G12: High
A13: AC-09 | B13: Mic ready | C13: Beep → mic ready | D13: ≤300 ms P95 | E13: Log/UI timestamp | F13: 30 | G13: Release blocker
A14: AC-10 | B14: Text latency | C14: Speech end → transcript | D14: ≤2.5 s P95 | E14: Telemetry | F14: 30 | G14: High | H14: Mạng tốt
A15: AC-11 | B15: Audio latency | C15: Speech end → result audio | D15: ≤5 s P95 | E15: Telemetry | F15: 30 | G15: High | H15: Mạng tốt
A16: AC-12 | B16: Stability | C16: Soak 2 giờ/100 lượt | D16: 0 crash; 0 overlap | E16: Logcat + quan sát | F16: 100 | G16: Release blocker
A17: AC-13 | B17: Offline H20 | C17: Loopback không gọi cloud | D17: 100% | E17: Network log | F17: 10 | G17: Release blocker
A18: AC-14 | B18: Route | C18: Mic/loa H20 được xác nhận | D18: 100% | E18: Android audio route + nghe thực tế | F18: 10 | G18: Release blocker | H18: Không fallback ẩn
A19: AC-15 | B19: Security | C19: Secret trong APK/cleartext | D19: 0 secret; 100% HTTPS | E19: Static/dynamic scan | F19: 1 | G19: Release blocker
A20: AC-16 | B20: Privacy | C20: Consent/retention/delete | D20: 100% tuân thủ | E20: Audit | F20: 1 | G20: Release blocker | H20: Dữ liệu trẻ em

Sheet Initial Findings
A1: INITIAL FINDINGS — 2026-08-17 | B1: INITIAL FINDINGS — 2026-08-17 | C1: INITIAL FINDINGS — 2026-08-17 | D1: INITIAL FINDINGS — 2026-08-17 | E1: INITIAL FINDINGS — 2026-08-17 | F1: INITIAL FINDINGS — 2026-08-17 | G1: INITIAL FINDINGS — 2026-08-17 | H1: INITIAL FINDINGS — 2026-08-17
A2: Kết quả kiểm tra Android Studio, cấu hình Flutter và automated test trước khi test H20 thật. | B2: Kết quả kiểm tra Android Studio, cấu hình Flutter và automated test trước khi test H20 thật. | C2: Kết quả kiểm tra Android Studio, cấu hình Flutter và automated test trước khi test H20 thật. | D2: Kết quả kiểm tra Android Studio, cấu hình Flutter và automated test trước khi test H20 thật. | E2: Kết quả kiểm tra Android Studio, cấu hình Flutter và automated test trước khi test H20 thật. | F2: Kết quả kiểm tra Android Studio, cấu hình Flutter và automated test trước khi test H20 thật. | G2: Kết quả kiểm tra Android Studio, cấu hình Flutter và automated test trước khi test H20 thật. | H2: Kết quả kiểm tra Android Studio, cấu hình Flutter và automated test trước khi test H20 thật.
A4: ID | B4: Mức độ | C4: Phát hiện | D4: Bằng chứng | E4: Ảnh hưởng | F4: Hành động trước nghiệm thu | G4: Owner | H4: Status
A5: F-01 | B5: Blocker | C5: Chưa có điện thoại Android thật hoặc H20 kết nối | D5: flutter devices chỉ thấy emulator-5554 Android 16/API 36 | E5: Không thể xác nhận BLE/HFP/mic/loa/MAIN vật lý | F5: Kết nối ít nhất 4 điện thoại thật và 2 H20 pilot | G5: QA/HW | H5: Open
A6: F-02 | B6: High | C6: Automated test chưa xanh | D6: flutter test: 344 Passed, 3 Failed | E6: Không nên dùng build làm baseline nghiệm thu | F6: Sửa/review 3 test fail rồi chạy regression | G6: Flutter | H6: Open
A7: F-03 | B7: Medium | C7: Golden popup nhắc học lệch 0,24% | D7: 797 pixels khác reference | E7: Có thể là thay đổi UI chưa được duyệt | F7: So sánh diff và duyệt/sửa UI | G7: UI/QA | H7: Open
A8: F-04 | B8: Medium | C8: Golden pháo hoa chúc mừng lệch 0,24% | D8: 797 pixels khác reference | E8: Ảnh hưởng giao diện bài học | F8: So sánh diff và duyệt/sửa UI | G8: UI/QA | H8: Open
A9: F-05 | B9: High | C9: Test Main mở menu rồi vào speaking trả false | D9: Expected true, Actual false | E9: Rủi ro Main không bắt đầu đúng luồng | F9: Phân tích voice_navigation_controller_test.dart | G9: Flutter | H9: Open
A10: F-06 | B10: Blocker | C10: AIV0_DRAFT_PROTOCOL_CONFIRMED mặc định false | D10: AppConfig mặc định false | E10: MAIN H20 chỉ Raw Hex nếu build thiếu dart-define | F10: Build RC đã xác nhận với flag true | G10: Release | H10: Open
A11: F-07 | B11: Blocker | C11: Release có thể ký debug nếu thiếu key.properties | D11: build.gradle.kts fallback debug signing | E11: Không phù hợp Play Store/upgrade production | F11: Cung cấp production keystore | G11: Release | H11: Open
A12: F-08 | B12: Info | C12: H20 V1 dùng HFP/SCO cho audio và BLE cho control | D12: 9E3B0001/2/3; Battery 180F; Firmware 180A | E12: Test phải tách audio route và control route | F12: Dùng ma trận H20 trong workbook | G12: QA/HW | H12: Accepted
A13: F-09 | B13: Info | C13: Catalog có 5 nhóm, 50 chủ đề, 101 bài, 11 bài hát | D13: JSON + automated test | E13: Cần sampling và data integrity toàn catalog | F13: Chạy data integrity + mẫu mỗi nhóm | G13: Content QA | H13: Planned
