Workbook

Sheet Dashboard
A1: INNOTRIK — QA TEST DASHBOARD
A3: Cập nhật Status trong sheet Test Cases; các chỉ số và biểu đồ sẽ tự tính lại.
A5: Tổng test case | C5: P0 | E5: P1 | G5: Phiên bản
A6: =COUNTA('Test Cases'!$A$5:$A$300) -> 144 | C6: =COUNTIF('Test Cases'!$I$5:$I$300,"P0") -> 87 | E6: =COUNTIF('Test Cases'!$I$5:$I$300,"P1") -> 45 | G6: 1.0.4+8
A8: Trạng thái | B8: Số lượng | D8: Module | E8: Số test | G8: Priority | H8: Số test
A9: Not Run | B9: =COUNTIF('Test Cases'!$L$5:$L$300,A9) -> 144 | D9: Cài đặt & vòng đời | E9: =COUNTIF('Test Cases'!$B$5:$B$300,D9) -> 7 | G9: P0 | H9: =COUNTIF('Test Cases'!$I$5:$I$300,G9) -> 87
A10: Passed | B10: =COUNTIF('Test Cases'!$L$5:$L$300,A10) -> 0 | D10: Main & Wake word | E10: =COUNTIF('Test Cases'!$B$5:$B$300,D10) -> 13 | G10: P1 | H10: =COUNTIF('Test Cases'!$I$5:$I$300,G10) -> 45
A11: Failed | B11: =COUNTIF('Test Cases'!$L$5:$L$300,A11) -> 0 | D11: Điều hướng AI | E11: =COUNTIF('Test Cases'!$B$5:$B$300,D11) -> 18 | G11: P2 | H11: =COUNTIF('Test Cases'!$I$5:$I$300,G11) -> 12
A12: Blocked | B12: =COUNTIF('Test Cases'!$L$5:$L$300,A12) -> 0 | D12: Luyện nói | E12: =COUNTIF('Test Cases'!$B$5:$B$300,D12) -> 14 | G12: P3 | H12: =COUNTIF('Test Cases'!$I$5:$I$300,G12) -> 0
A13: N/A | B13: =COUNTIF('Test Cases'!$L$5:$L$300,A13) -> 0 | D13: Dịch tiếng Anh | E13: =COUNTIF('Test Cases'!$B$5:$B$300,D13) -> 10
D14: Chủ đề & lời mở đầu | E14: =COUNTIF('Test Cases'!$B$5:$B$300,D14) -> 14
A15: Đã thực thi | B15: =B10+B11+B12 -> 0 | D15: Luyện bài | E15: =COUNTIF('Test Cases'!$B$5:$B$300,D15) -> 26
A16: Tỷ lệ thực thi | B16: =IFERROR(B15/(B6-B13),0) -> 0 | D16: Cuối bài/chủ đề | E16: =COUNTIF('Test Cases'!$B$5:$B$300,D16) -> 14
A17: Tỷ lệ đạt | B17: =IFERROR(B10/(B10+B11),0) -> 0 | D17: Từ vựng | E17: =COUNTIF('Test Cases'!$B$5:$B$300,D17) -> 8
D18: H20 phần cứng | E18: =COUNTIF('Test Cases'!$B$5:$B$300,D18) -> 7
D19: Phi chức năng | E19: =COUNTIF('Test Cases'!$B$5:$B$300,D19) -> 13

Sheet Test Cases
A1: INNOTRIK — BỘ TEST CASE TRỢ LÝ AI BI CÔ
A2: Phạm vi: Main/Wake word, điều hướng AI, Luyện nói, Dịch tiếng Anh, Chủ đề, bài học, Từ vựng, H20 và kiểm thử phi chức năng. Candidate: production 1.0.4+8.
A4: TC_ID | B4: Module | C4: Feature | D4: Test scenario | E4: Preconditions | F4: Test steps | G4: Test data | H4: Expected result | I4: Priority | J4: Test type | K4: Platform | L4: Status | M4: Actual result | N4: Evidence / Bug ID | O4: Tester | P4: Test date | Q4: Notes
A5: TC-001 | B5: Cài đặt & vòng đời | C5: Cài đặt | D5: Cài mới APK production | E5: Thiết bị chưa cài ứng dụng | F5: 1. Cài APK build 8 2. Mở ứng dụng | G5: APK build 8 | H5: Cài đặt thành công; ứng dụng mở được; không crash; versionCode là 8. | I5: P0 | J5: Compatibility | K5: Android | L5: Not Run
A6: TC-002 | B6: Cài đặt & vòng đời | C6: Nâng cấp | D6: Nâng cấp từ build 7 lên build 8 | E6: Đã cài build 7 và có tiến độ học/từ vựng | F6: 1. Cài đè build 8 2. Mở ứng dụng 3. Kiểm tra tiến độ và từ vựng | G6: Build 7 → build 8 | H6: Nâng cấp thành công; dữ liệu học, Ngôi sao và Luyện lại không bị mất. | I6: P0 | J6: Regression | K6: Android | L6: Not Run
A7: TC-003 | B7: Cài đặt & vòng đời | C7: Khởi động | D7: Mở ứng dụng lần đầu và cấp quyền micro | E7: Cài mới ứng dụng | F7: 1. Mở ứng dụng 2. Chọn Cho phép khi hệ thống hỏi quyền micro 3. Nhấn Main | G7: Quyền micro: Allow | H7: Ứng dụng vào trang chủ; Main sử dụng được; không hỏi quyền lặp vô hạn. | I7: P0 | J7: Functional | K7: Android | L7: Not Run
A8: TC-004 | B8: Cài đặt & vòng đời | C8: Quyền micro | D8: Từ chối quyền micro | E8: Cài mới ứng dụng | F8: 1. Mở ứng dụng 2. Chọn Không cho phép 3. Thử dùng Main | G8: Quyền micro: Deny | H8: Ứng dụng không crash; hiển thị hướng dẫn cấp quyền rõ ràng; không bắt đầu ghi âm giả. | I8: P0 | J8: Negative | K8: Android | L8: Not Run
A9: TC-005 | B9: Cài đặt & vòng đời | C9: Quyền micro | D9: Thu hồi quyền micro khi ứng dụng đã cài | E9: APK production 1.0.4+8 đã cài; thiết bị Android API 24+ | F9: 1. Thu hồi quyền micro trong Settings 2. Quay lại ứng dụng 3. Nhấn Main | G9: Permission revoked | H9: Luồng ghi âm bị chặn an toàn và có thông báo thân thiện; không treo trạng thái đang nghe. | I9: P1 | J9: Recovery | K9: Android | L9: Not Run
A10: TC-006 | B10: Cài đặt & vòng đời | C10: Khởi động | D10: Mở ứng dụng khi mất mạng | E10: APK production 1.0.4+8 đã cài; thiết bị Android API 24+; tắt Wi-Fi và dữ liệu di động | F10: 1. Mở ứng dụng 2. Đi qua các trang chính | G10: Offline | H10: Ứng dụng vẫn mở được; nội dung cục bộ hiển thị; tính năng cần mạng báo lỗi thân thiện. | I10: P1 | J10: Negative | K10: Android | L10: Not Run
A11: TC-007 | B11: Cài đặt & vòng đời | C11: Lifecycle | D11: Tắt màn hình rồi mở lại khi ứng dụng còn chạy | E11: APK production 1.0.4+8 đã cài; thiết bị Android API 24+; mạng ổn định; đã cấp quyền micro; ứng dụng đang ở foreground | F11: 1. Tắt màn hình 15 giây 2. Mở khóa 3. Quay lại ứng dụng 4. Nhấn Main | G11: Screen off/on | H11: Không có phiên micro ma; trạng thái Main khôi phục đúng; người dùng có thể bắt đầu lượt mới. | I11: P1 | J11: Recovery | K11: Android | L11: Not Run
A12: TC-008 | B12: Main & Wake word | C12: Hiển thị Main | D12: Main cố định trên toàn ứng dụng | E12: APK production 1.0.4+8 đã cài; thiết bị Android API 24+; mạng ổn định; đã cấp quyền micro | F12: 1. Mở lần lượt Trang chủ, Từ vựng, Chủ đề, danh sách bài và bài học 2. Quan sát Main | G12: Các màn chính | H12: Main luôn hiển thị đúng vị trí, không che nút quan trọng và có thể thao tác. | I12: P1 | J12: Usability | K12: Android | L12: Not Run
A13: TC-009 | B13: Main & Wake word | C13: Main menu | D13: Nhấn Main tại trang chủ | E13: APK production 1.0.4+8 đã cài; thiết bị Android API 24+; mạng ổn định; đã cấp quyền micro; ứng dụng đang ở trang chủ và không có audio khác đang phát | F13: 1. Nhấn Main một lần 2. Nghe toàn bộ phản hồi | G13: Tap Main | H13: Bi cô nói đúng menu chức năng; sau khi nói xong phát tiếng tít rồi mới mở micro. | I13: P0 | J13: Functional | K13: Android | L13: Not Run
A14: TC-010 | B14: Main & Wake word | C14: TTS/Beep/ASR | D14: Không nghe người dùng trong lúc Bi cô đang nói | E14: APK production 1.0.4+8 đã cài; thiết bị Android API 24+; mạng ổn định; đã cấp quyền micro; ứng dụng đang ở trang chủ và không có audio khác đang phát | F14: 1. Nhấn Main 2. Nói chen khi Bi cô chưa nói xong 3. Nói lại sau tiếng tít | G14: Nói chen trước beep | H14: Câu nói chen không bị xử lý; chỉ câu sau tiếng tít được nhận diện. | I14: P0 | J14: Integration | K14: Android | L14: Not Run
A15: TC-011 | B15: Main & Wake word | C15: Chống chồng chéo | D15: Nhấn Main nhanh hai lần | E15: APK production 1.0.4+8 đã cài; thiết bị Android API 24+; mạng ổn định; đã cấp quyền micro; ứng dụng đang ở trang chủ và không có audio khác đang phát | F15: 1. Nhấn Main hai lần trong 300 ms 2. Quan sát audio và micro | G15: Double tap | H15: Chỉ có một phiên trợ lý; không phát hai câu đồng thời; không mở hai micro. | I15: P0 | J15: Negative | K15: Android | L15: Not Run
A16: TC-012 | B16: Main & Wake word | C16: Fallback | D16: Nói yêu cầu không thuộc menu | E16: APK production 1.0.4+8 đã cài; thiết bị Android API 24+; mạng ổn định; đã cấp quyền micro; ứng dụng đang ở trang chủ và không có audio khác đang phát | F16: 1. Nhấn Main 2. Sau tiếng tít nói câu không liên quan | G16: Con muốn ăn cơm | H16: Không điều hướng sai; Bi cô hỏi lại hoặc đưa hướng dẫn lựa chọn hợp lệ. | I16: P1 | J16: Negative | K16: Android | L16: Not Run
... A148: TC-144 | B148: Phi chức năng | C148: Release | D148: Xác minh version và chữ ký APK | E148: Có file APK bàn giao | F148: 1. Dùng aapt/apksigner kiểm tra 2. Đối chiếu ghi chú phát hành | G148: 1.0.4+8 | H148: versionName 1.0.4, versionCode 8; chữ ký v2 hợp lệ; ghi rõ debug certificate chưa dùng cho Play Store. | I148: P1 | J148: Compatibility | K148: Android | L148: Not Run

Sheet Test Data
A1: TEST DATA — GIỌNG NÓI, THIẾT BỊ VÀ MẠNG
A2: Dùng dữ liệu này để chạy lại các ca nhận diện theo nhiều cách nói, giọng trẻ em và điều kiện môi trường.
A4: Data ID | B4: Nhóm | C4: Input / Điều kiện | D4: Biến thể | E4: Kết quả mong đợi | F4: Ghi chú
A5: VD-001 | B5: Wake word | C5: Hey Pico | D5: Hey Piko; Pico ơi | E5: Kích hoạt trợ lý | F5: Đọc bằng giọng trẻ em nam/nữ
A6: VD-002 | B6: Menu | C6: Con muốn luyện nói | D6: Luyện nói; Nói chuyện | E6: Mở Luyện nói
A7: VD-003 | B7: Menu | C7: Con muốn học theo chủ đề | D7: Học chủ đề; Chủ đề | E7: Bắt đầu hỏi tuổi
A8: VD-004 | B8: Menu | C8: Con muốn học từ vựng | D8: Học từ mới; Từ mới | E8: Mở Từ vựng
A9: VD-005 | B9: Menu | C9: Con muốn dịch sang tiếng Anh | D9: Dịch; Dịch tiếng Anh | E9: Mở menu dịch
A10: VD-006 | B10: Tuổi | C10: Con 4 tuổi | D10: Bốn tuổi | E10: Nhóm 3–5
A11: VD-007 | B11: Tuổi | C11: Con 6 tuổi | D11: Sáu tuổi | E11: Nhóm 6–7
A12: VD-008 | B12: Tuổi | C12: Con 10 tuổi | D12: Mười tuổi | E12: Nhóm 8–10 | F12: Tuổi biên
A13: VD-009 | B13: Chủ đề | C13: Chủ đề số 3 | D13: Con chọn chủ đề ba | E13: Chọn topic 3
A14: VD-010 | B14: Bài | C14: Bài số 1 | D14: Con học bài một | E14: Chọn lesson 1
A15: VD-011 | B15: Xác nhận Có | C15: Có | D15: Dạ có; Có ạ; Con muốn học lại | E15: Affirmative
A16: VD-012 | B16: Xác nhận Không | C16: Không | D16: Dạ không; Không ạ; Không đâu | E16: Negative
A17: VD-013 | B17: Cuối bài | C17: Bài tiếp theo | D17: Bài sau; Qua bài mới | E17: Next lesson
A18: VD-014 | B18: Cuối bài | C18: Học lại | D18: Làm lại bài này; Học từ đầu | E18: Restart lesson
A19: VD-015 | B19: Điều khiển | C19: Dừng lại | D19: Thôi; Không học nữa | E19: Stop | F19: Chỉ dùng trong cửa sổ lệnh
A20: VD-016 | B20: Chuyển chức năng | C20: Còn cái gì khác để học không | D20: Con muốn học cái khác | E20: Mở menu học khác | F20: Không dịch như câu thường
A21: VD-017 | B21: Câu đúng | C21: Hello | D21: hello; HELLO | E21: Good | F21: Expected: Hello!
A22: VD-018 | B22: Câu đúng | C22: I'm An | D22: I am An; im an | E22: Good | F22: Bỏ qua dấu câu/ngữ điệu
A23: VD-019 | B23: Câu sai | C23: Con muốn ăn cơm | D23: Câu tiếng Việt bất kỳ | E23: Retry | F23: Expected: I'm An
A24: VD-020 | B24: Không rõ | C24: Im lặng | D24: Âm rất nhỏ; nhiễu | E24: Unclear | F24: Không coi là sai
A25: ENV-001 | B25: Mạng | C25: Online ổn định | D25: Wi-Fi/4G | E25: Thành công
A26: ENV-002 | B26: Mạng | C26: Offline | D26: Airplane mode | E26: Lỗi thân thiện
A27: ENV-003 | B27: Mạng | C27: Latency 2–5 giây | D27: Packet loss 10% | E27: Timeout/retry an toàn
A28: ENV-004 | B28: Backend | C28: HTTP 404 + HTML | D28: Server action not found | E28: Không FormatException
A29: ENV-005 | B29: Backend | C29: Connection refused | D29: SocketException | E29: Không lộ 127.0.0.1
A30: AUD-001 | B30: Audio | C30: Loa ngoài 100% | D30: Echo mạnh | E30: Không tự nghe
A31: AUD-002 | B31: Audio | C31: Tai nghe Bluetooth | D31: HFP/SCO | E31: Audio route đúng
A32: AUD-003 | B32: Micro | C32: Nhiễu lớp học | D32: Trẻ nói cách micro 1 m | E32: Không điều hướng sai
A33: AUD-004 | B33: Micro | C33: Nói ngay trước beep | D33: Nói chen | E33: Không xử lý
A34: AUD-005 | B34: Micro | C34: Nói ngay sau beep | D34: Từ đầu ngắn | E34: Không mất âm đầu
A35: URL-001 | B35: Intro | C35: A067_T01_L01_OPEN.mp3 | D35: Cloudinary HTTP 200 | E35: Phát audio My Name | F35: Từ introAudioUrl
A36: URL-002 | B36: Intro | C36: introAudioUrl = null | D36: Không có asset | E36: Hiện lỗi + Bỏ qua | F36: Không dùng TTS

Sheet Traceability
A1: TRACEABILITY — PHẠM VI VÀ ĐỘ BAO PHỦ
A4: REQ_ID | B4: Module | C4: Yêu cầu kiểm thử | D4: Mức rủi ro | E4: Test Cases | F4: Coverage count | G4: Ghi chú
A5: REQ-01 | B5: Cài đặt & vòng đời | C5: Cài đặt, nâng cấp, quyền micro và lifecycle phải an toàn. | D5: Cao | E5: TC-001, TC-002, TC-003, TC-004, TC-005, TC-006, TC-007 | F5: =COUNTIF('Test Cases'!$B$5:$B$300,B5) -> 7
A6: REQ-02 | B6: Main & Wake word | C6: Main độc lập, không chồng TTS/micro và nghe sau beep. | D6: Cao | E6: TC-008, TC-009, TC-010, TC-011, TC-012, TC-013, TC-014, TC-015, TC-016, TC-017, TC-018, TC-019, TC-020 | F6: =COUNTIF('Test Cases'!$B$5:$B$300,B6) -> 13
A7: REQ-03 | B7: Điều hướng AI | C7: Dẫn dắt đúng chức năng, tuổi, chủ đề và bài học. | D7: Cao | E7: TC-021, TC-022, TC-023, TC-024, TC-025, TC-026, TC-027, TC-028, TC-029, TC-030, TC-031, TC-032, TC-033, TC-034, TC-035, TC-036, TC-037, TC-038 | F7: =COUNTIF('Test Cases'!$B$5:$B$300,B7) -> 18
A8: REQ-04 | B8: Luyện nói | C8: Ghi âm–dịch–phát âm–lượt mới và timeout 10 giây hoạt động ổn định. | D8: Cao | E8: TC-039, TC-040, TC-041, TC-042, TC-043, TC-044, TC-045, TC-046, TC-047, TC-048, TC-049, TC-050, TC-051, TC-052 | F8: =COUNTIF('Test Cases'!$B$5:$B$300,B8) -> 14
A9: REQ-05 | B9: Dịch tiếng Anh | C9: Dịch một câu/liên tục đúng và xử lý lỗi backend thân thiện. | D9: Cao | E9: TC-053, TC-054, TC-055, TC-056, TC-057, TC-058, TC-059, TC-060, TC-061, TC-062 | F9: =COUNTIF('Test Cases'!$B$5:$B$300,B9) -> 10
A10: REQ-06 | B10: Chủ đề & lời mở đầu | C10: Điều hướng đúng bài; lời mở đầu bắt buộc phát introAudioUrl, không TTS. | D10: Cao | E10: TC-063, TC-064, TC-065, TC-066, TC-067, TC-068, TC-069, TC-070, TC-071, TC-072, TC-073, TC-074, TC-075, TC-076 | F10: =COUNTIF('Test Cases'!$B$5:$B$300,B10) -> 14
A11: REQ-07 | B11: Luyện bài | C11: Đánh giá đúng/sai/không rõ, retry, Main pause/resume và lưu từ vựng. | D11: Cao | E11: TC-077, TC-078, TC-079, TC-080, TC-081, TC-082, TC-083, TC-084, TC-085, TC-086, TC-087, TC-088, TC-089, TC-090, TC-091, TC-092, TC-093, TC-094, TC-095, TC-096, TC-097, TC-098, TC-099, TC-100, TC-101, TC-102 | F11: =COUNTIF('Test Cases'!$B$5:$B$300,B11) -> 26
A12: REQ-08 | B12: Cuối bài/chủ đề | C12: Hoàn thành, học lại và chọn chủ đề sau bài cuối đúng trạng thái. | D12: Cao | E12: TC-103, TC-104, TC-105, TC-106, TC-107, TC-108, TC-109, TC-110, TC-111, TC-112, TC-113, TC-114, TC-115, TC-116 | F12: =COUNTIF('Test Cases'!$B$5:$B$300,B12) -> 14
A13: REQ-09 | B13: Từ vựng | C13: Ngôi sao/Luyện lại được lưu, hiển thị và đồng bộ chính xác. | D13: Cao | E13: TC-117, TC-118, TC-119, TC-120, TC-121, TC-122, TC-123, TC-124 | F13: =COUNTIF('Test Cases'!$B$5:$B$300,B13) -> 8
A14: REQ-10 | B14: H20 phần cứng | C14: Kiểm tra offline BLE/HFP/SCO/MAIN không gọi cloud. | D14: Cao | E14: TC-125, TC-126, TC-127, TC-128, TC-129, TC-130, TC-131 | F14: =COUNTIF('Test Cases'!$B$5:$B$300,B14) -> 7
A15: REQ-11 | B15: Phi chức năng | C15: Ứng dụng ổn định, bảo mật, dễ dùng và đúng cấu hình production. | D15: Cao | E15: TC-132, TC-133, TC-134, TC-135, TC-136, TC-137, TC-138, TC-139, TC-140, TC-141, TC-142, TC-143, TC-144 | F15: =COUNTIF('Test Cases'!$B$5:$B$300,B15) -> 13

Sheet Defect Log
A1: DEFECT LOG — INNOTRIK / BI CÔ
A2: Một defect phải có TC liên kết, môi trường, bằng chứng và kết quả mong đợi/thực tế rõ ràng.
A4: Defect ID | B4: Title | C4: Linked TC | D4: Severity | E4: Priority | F4: Status | G4: Environment | H4: Steps to reproduce | I4: Expected | J4: Actual | K4: Evidence | L4: Owner | M4: Created date
A5: DEF-001 | F5: New
A6: DEF-002 | F6: New
A7: DEF-003 | F7: New
A8: DEF-004 | F8: New
A9: DEF-005 | F9: New
A10: DEF-006 | F10: New
A11: DEF-007 | F11: New
A12: DEF-008 | F12: New
A13: DEF-009 | F13: New
A14: DEF-010 | F14: New
A15: DEF-011 | F15: New
A16: DEF-012 | F16: New
... A34: DEF-030 | F34: New

Sheet Huong dan
A1: HƯỚNG DẪN THỰC THI TEST
A3: Nhóm | B3: Mục | C3: Nội dung
A4: Thông tin | B4: Ứng dụng | C4: INNOTRIK — phần mềm học tiếng Anh giao tiếp cho trẻ em
A5: Thông tin | B5: Candidate | C5: APK production 1.0.4+8 (versionCode 8)
A6: Thông tin | B6: Backend | C6: https://speaking-ai-nextjs-backend-production.up.railway.app
A7: Thông tin | B7: Nền tảng chính | C7: Android API 24+, targetSdk 36
A8: Thông tin | B8: Lưu ý ký APK | C8: Release hiện dùng Android Debug certificate; không dùng phát hành Play Store
A9: Priority | B9: P0 | C9: Luồng chặn phát hành, mất dữ liệu, crash, sai điều hướng nghiêm trọng, micro/TTS chồng chéo
A10: Priority | B10: P1 | C10: Chức năng chính sai nhưng có thể né hoặc không làm mất dữ liệu
A11: Priority | B11: P2 | C11: Lỗi trung bình/UX; chức năng cốt lõi vẫn dùng được
A12: Priority | B12: P3 | C12: Lỗi nhỏ, thẩm mỹ hoặc cải tiến
A13: Status | B13: Not Run | C13: Chưa thực thi
A14: Status | B14: Passed | C14: Kết quả thực tế khớp hoàn toàn Expected result
... A25: Nguồn | B25: Lexicon | C25: C:\Users\DELL\Documents\Book1.xlsx
